"Source_Key__c","Name","Personal_Project_Source_Key","Caption__c","Display_Order__c","Image_URL__c"
"personal-project/salesforce-lead-automation-system/image/04-platform-event-triggered-flow","Platform Event Triggered Flow","personal-project/salesforce-lead-automation-system",,"1","https://i.imgur.com/Hnbtm0Y.png"
"personal-project/salesforce-lead-automation-system/image/05-schedule-triggered-flow","Schedule Triggered Flow","personal-project/salesforce-lead-automation-system",,"2","https://i.imgur.com/QlA72Nw.png"
"personal-project/salesforce-lead-automation-system/image/03-lead-automation-fields","Lead Automation Fields","personal-project/salesforce-lead-automation-system",,"3","https://i.imgur.com/GMyaNc9.png"
"personal-project/salesforce-lead-automation-system/image/01-email-example","Email Example","personal-project/salesforce-lead-automation-system",,"4","https://i.imgur.com/x3RTMFr.png"
"personal-project/salesforce-lead-automation-system/image/02-lead-activity","Lead Activity","personal-project/salesforce-lead-automation-system",,"4","https://i.imgur.com/kqYAX5A.png"
"personal-project/salesforce-lwc-portfolio/image/01-home-page","Home Page","personal-project/salesforce-lwc-portfolio",,"1","https://i.imgur.com/fE2b1qO.png"
"personal-project/salesforce-lwc-portfolio/image/02-home-page-mobile","Home Page Mobile","personal-project/salesforce-lwc-portfolio",,"2","https://i.imgur.com/g3oUdAK.png"
"personal-project/salesforce-lwc-portfolio/image/03-navbar-mobile","Navbar Mobile","personal-project/salesforce-lwc-portfolio",,"3","https://i.imgur.com/YbAPE5c.png"
"personal-project/salesforce-lwc-portfolio/image/04-projects-mobile","Projects Mobile","personal-project/salesforce-lwc-portfolio",,"4","https://i.imgur.com/hMIJrH1.png"
"personal-project/salesforce-lwc-portfolio/image/05-portfolio-related-list","Portfolio Related List","personal-project/salesforce-lwc-portfolio",,"5","https://i.imgur.com/aKCjQMX.png"
"personal-project/salesforce-lwc-portfolio/image/06-portfolio-related-list","Portfolio Related List","personal-project/salesforce-lwc-portfolio",,"5","https://i.imgur.com/zKlh6BL.png"
"personal-project/salesforce-lwc-portfolio/image/07-portfolio-settings","Portfolio Settings","personal-project/salesforce-lwc-portfolio",,"6","https://i.imgur.com/syf6d5k.png"
"personal-project/salesforce-lwc-portfolio/image/08-portfolio-settings","Portfolio Settings","personal-project/salesforce-lwc-portfolio",,"7","https://i.imgur.com/UmZg3yf.png"
"personal-project/salesforce-lwc-portfolio/image/09-experience-builder","Experience Builder","personal-project/salesforce-lwc-portfolio",,"8","https://i.imgur.com/b5VRN6R.png"
"personal-project/salesforce-spendly-expense-tracker/image/01-no-data-table","No Data Table","personal-project/salesforce-spendly-expense-tracker",,"0","https://i.imgur.com/UrmPHhB.png"
"personal-project/salesforce-spendly-expense-tracker/image/02-with-data-table","With Data Table","personal-project/salesforce-spendly-expense-tracker",,"1","https://i.imgur.com/eEKcJF0.png"
"personal-project/salesforce-spendly-expense-tracker/image/03-csv-file","CSV File","personal-project/salesforce-spendly-expense-tracker",,"2","https://i.imgur.com/URbu8lA.png"
"personal-project/salesforce-spendly-expense-tracker/image/04-save-as-pdf","Save as PDF","personal-project/salesforce-spendly-expense-tracker",,"3","https://i.imgur.com/EBEviyz.png"
"personal-project/salesforce-spendly-expense-tracker/image/05-pdf-file-downloaded","PDF File Downloaded","personal-project/salesforce-spendly-expense-tracker",,"4","https://i.imgur.com/y2JCZ7k.png"
